{"cameraMode":{"drawMode":0,"name":"Shaded","section":"Shading Mode"},"sceneLighting":true,"audioPlay":false,"sceneViewState":{"showFog":true,"showMaterialUpdate":false,"showSkybox":true,"showFlares":true,"showImageEffects":true,"showParticleSystems":true},"in2DMode":false,"pivot":{"x":483.0664978027344,"y":237.96044921875,"z":-0.03643798828125},"rotation":{"x":-0.036299027502536777,"y":-0.011395199224352837,"z":0.0004139579541515559,"w":-0.9992780089378357},"size":276.32928466796877,"orthographic":false}